,Electricity,Water,Ingots,Steel
Cost,80000000,60000000,0,0
Electricity,0.25,0.25,0.3,0.2
Water,0.208333333,0.166666667,0.208333333,0.416666667
Ingots,0,0,0,0
Steel,0,0,0,0
