,Maint,HR,Assembly,Finishing
Cost,20000,20000,12500,17500
Maint,0,0.333333333333333,0.166666666666667,0.5
HR,0.1,0,0.85,0.05
Assembly,0,0,1,0
Finishing,0,0,0,1
