,Water,Electricity,Ingots,Steel
Cost,60000000,80000000,0,0
Water,0.166666667,0.208333333,0.208333333,0.416666667
Electricity,0.25,0.25,0.3,0.2
Ingots,0,0,0,0
Steel,0,0,0,0
